{
    "XGBoost": {
        "0": 1.0,
        "1": 0.9333333333333333
    },
    "SVM": {
        "0": 1.0,
        "1": 0.9333333333333333
    },
    "Decision Tree": {
        "0": 1.0,
        "1": 0.9333333333333333
    },
    "Logistic Regression": {
        "0": 1.0,
        "1": 0.9333333333333333
    },
    "K-Nearest Neighbors": {
        "0": 0.96,
        "1": 1.0
    },
    "Naive Bayes": {
        "0": 0.88,
        "1": 1.0
    },
    "Random Forest": {
        "0": 1.0,
        "1": 1.0
    },
    "Gradient Boosting": {
        "0": 1.0,
        "1": 0.9333333333333333
    },
    "CatBoost": {
        "0": 1.0,
        "1": 0.9333333333333333
    },
    "Stacked Ensemble Learning": {
        "0": 1.0,
        "1": 0.9333333333333333
    },
    "Voting": {
        "0": 1.0,
        "1": 0.9333333333333333
    }
}